{
    "Glasses": [{
        "Name": "Ray-Ban RX3563",
        "Price": "3590",
        "Size": "Medium",
        "Thumb": "https://s3-ap-southeast-1.amazonaws.com/try1000looks.com/3d/eyewear/temporary/thumbnails/rayban1.jpg"
    }, {
        "Name": "Burberry B4366",
        "Price": "3990",
        "Size": "Medium",
        "Thumb": "https://s3-ap-southeast-1.amazonaws.com/try1000looks.com/3d/eyewear/temporary/thumbnails/burberry1.jpg" 
      
}, {
        "Name": "Burberry B623",
        "Price": "3590",
        "Size": "Medium",
        "Thumb": "https://s3-ap-southeast-1.amazonaws.com/try1000looks.com/3d/eyewear/temporary/thumbnails/burberry2.jpg"
   
    },  {
        "Name": "Lian San LSX34",
        "Price": "4590",
        "Size": "Medium",
        "Thumb": "https://s3-ap-southeast-1.amazonaws.com/try1000looks.com/3d/eyewear/temporary/thumbnails/liansan1.jpg"
    }, 
       {
        "Name": "Oakley OX645",
        "Price": "4590",
        "Size": "Medium",
        "Thumb": "https://s3-ap-southeast-1.amazonaws.com/try1000looks.com/3d/eyewear/temporary/thumbnails/oakley2.jpg"
    }, 


     {
        "Name": "Oakley OX987",
        "Price": "4590",
        "Size": "Medium",
        "Thumb": "https://s3-ap-southeast-1.amazonaws.com/try1000looks.com/3d/eyewear/temporary/thumbnails/oakley1.jpg"
    },
    {

        "Name": "Ray-Ban RX4366",
        "Price": "3490",
        "Size": "Medium",
        "Thumb": "https://s3-ap-southeast-1.amazonaws.com/try1000looks.com/3d/eyewear/temporary/thumbnails/rayban2.jpg"
    }, 
    
    {
        "Name": "Bvlgari BV216",
        "Price": "4590",
        "Size": "Medium",
        "Thumb": "https://s3-ap-southeast-1.amazonaws.com/try1000looks.com/3d/eyewear/temporary/thumbnails/bvlgari1.jpg"
    }, {
        "Name": "Prada VPR 03R",
        "Price": "4590",
        "Size": "Medium",
        "Thumb": "https://s3-ap-southeast-1.amazonaws.com/try1000looks.com/3d/eyewear/temporary/thumbnails/prada1.jpg"
    },
    {
        "Name": "Oakley OX879",
        "Price": "4590",
        "Size": "Medium",
        "Thumb": "https://s3-ap-southeast-1.amazonaws.com/try1000looks.com/3d/eyewear/temporary/thumbnails/oakley3.jpg"
    }, {
        "Name": "Dolce & Gabbana DG8754",
        "Price": "6590",
        "Size": "Medium",
        "Thumb": "https://s3-ap-southeast-1.amazonaws.com/try1000looks.com/3d/eyewear/temporary/thumbnails/dolcegabbana1.jpg"
    }, {
        "Name": "Dolce & Gabbana DG8734",
        "Price": "6590",
        "Size": "Medium",
        "Thumb": "https://s3-ap-southeast-1.amazonaws.com/try1000looks.com/3d/eyewear/temporary/thumbnails/dolcegabbana2.jpg"
    }]
}
