[{"Shape": "Oval", "Size": "Medium", "Name": "Lian San LSX34", "Frame": "Half Rim", "Price": "4590", "Brand": "Lian San", "obj_location": ["https://s3-ap-southeast-1.amazonaws.com/try1000looks.com/3d/eyewear/obj/temporary/1459334831000_EG_WH_RHF_00.jpg"], "Type": "Eyeglasses", "Model": "LSX34", "eyewearModel": "EG_WH_RHF_00"}, {"Shape": "Sports", "Size": "Medium", "Name": "Oakley OX987", "Frame": "Half Rim", "Price": "4590", "Brand": "Oakley", "obj_location": ["https://s3-ap-southeast-1.amazonaws.com/try1000looks.com/3d/eyewear/obj/temporary/1459334003000_SP_BL-WH_FF_00.jpg"], "Type": "Sunglasses", "Model": "OX987", "eyewearModel": "SP_BL-WH_FF_00"}, {"Shape": "Rectangle", "Size": "Medium", "Name": "Ray-Ban RX3563", "Frame": "Half Rim", "Price": "3590", "Brand": "Ray-Ban", "obj_location": ["https://s3-ap-southeast-1.amazonaws.com/try1000looks.com/3d/eyewear/obj/temporary/1459165553000_EG_BL_HF_01.jpg"], "Type": "Eyeglasses", "Model": "RX3563", "eyewearModel": "EG_BL_HF_01"}, {"Shape": "Sports", "Size": "Medium", "Name": "Oakley OX879", "Frame": "Full Rim", "Price": "4590", "Brand": "Oakley", "obj_location": ["https://s3-ap-southeast-1.amazonaws.com/try1000looks.com/3d/eyewear/obj/temporary/1459165667000_EG_WH_NF_00.jpg"], "Type": "Sunglasses", "Model": "OX879", "eyewearModel": "EG_WH_NF_00"}, {"Shape": "Rectangle", "Size": "Medium", "Name": "Burberry B4366", "Frame": "Half Rim", "Price": "3990", "Brand": "Burberry", "obj_location": ["https://s3-ap-southeast-1.amazonaws.com/try1000looks.com/3d/eyewear/obj/temporary/1459165623000_EG_BL_HF_02.jpg"], "Type": "Eyeglasses", "Model": "B4366", "eyewearModel": "EG_BL_HF_02"}, {"Shape": "Rectangle", "Size": "Medium", "Name": "Burberry B7366", "Frame": "Full Rim", "Price": "3590", "Brand": "Burberry", "obj_location": ["https://s3-ap-southeast-1.amazonaws.com/try1000looks.com/3d/eyewear/obj/temporary/1459165706000_RG_BU_FF_00.jpg"], "Type": "Eyeglasses", "Model": "B7366", "eyewearModel": "RG_BU_FF_00"}, {"Shape": "Rectangle", "Size": "Medium", "Name": "Bvlgari BV216", "Frame": "Full Rim", "Price": "4590", "Brand": "Bvlgari", "obj_location": ["https://s3-ap-southeast-1.amazonaws.com/try1000looks.com/3d/eyewear/obj/temporary/1457910015000_SG_BL_FF_00.jpg"], "Type": "Sunglasses", "Model": "BV216", "eyewearModel": "SG_BL_FF_00"}, {"Shape": "Aviator", "Size": "Medium", "Name": "Ray-Ban RX4366", "Frame": "Full Rim", "Price": "3490", "Brand": "Ray-Ban", "obj_location": ["https://s3-ap-southeast-1.amazonaws.com/try1000looks.com/3d/eyewear/obj/temporary/1457910122000_SG_GR_FF_00.jpg"], "Type": "Sunglasses", "Model": "RX4366", "eyewearModel": "SG_GR_FF_00"}, {"Shape": "Rectangle", "Size": "Medium", "Name": "Dolce & Gabbana DG8754", "Frame": "Full Rim", "Price": "6590", "Brand": "Dolce & Gabbana", "obj_location": ["https://s3-ap-southeast-1.amazonaws.com/try1000looks.com/3d/eyewear/obj/temporary/1457910252000_SG_RD-YE_FF_00.jpg"], "Type": "Sunglasses", "Model": "DG8754", "eyewearModel": "SG_RD-YE_FF_00"}, {"Shape": "Rectangle", "Size": "Medium", "Name": "Oakley OX645", "Frame": "Rimless", "Price": "4590", "Brand": "Oakley", "obj_location": ["https://s3-ap-southeast-1.amazonaws.com/try1000looks.com/3d/eyewear/obj/temporary/1457910339000_SP_BL_FF_01.jpg"], "Type": "Eyeglasses", "Model": "OX645", "eyewearModel": "SP_BL_FF_01"}, {"Shape": "Rectangle", "Size": "Medium", "Name": "Prada VPR 03R", "Frame": "Full Rim", "Price": "4590", "Brand": "Prada", "obj_location": ["https://s3-ap-southeast-1.amazonaws.com/try1000looks.com/3d/eyewear/obj/temporary/1457910519000_SG_BL-GL_FF_00.jpg"], "Type": "Sunglasses", "Model": "VPR 03R", "eyewearModel": "SG_BL-GL_FF_00"}, {"Shape": "Round", "Size": "Medium", "Name": "Dolce & Gabbana DG8734", "Frame": "Full Rim", "Price": "6590", "Brand": "Dolce & Gabbana", "obj_location": ["https://s3-ap-southeast-1.amazonaws.com/try1000looks.com/3d/eyewear/obj/temporary/1457910591000_SG_SK-BL_FF_00.jpg"], "Type": "Sunglasses", "Model": "DG8754", "eyewearModel": "SG_SK-BL_FF_00"}]